factor,legacy_member,new75_member,membership,legacy_category,legacy_direction,legacy_period,legacy_ic,legacy_t,new_direction,new_period,new_is_ic,new_is_t,new_is_q,new_oos_ic,new_oos_ic_hac_t,new_oos_ols_hac_t,new_oos_days,new_decision_reason
intraday_abs_ret_ratio_20d,False,True,new_only,,,,,,1,5,0.10356567654372881,2.767210790442469,0.07881849250831452,0.015006263992155626,0.5488629398348919,0.16544777495966448,37,passed_is_and_oos_direction
intraday_amihud_cross_z_20d,True,False,legacy_only,validated_candidate,1,20,0.172,4.05,,,0.0,0.0,1.0,,,,,is_hierarchical_fdr_not_passed
intraday_amihud_resid_vol_20d,True,False,legacy_only,validated_candidate,1,20,0.186,5.74,,,0.0,0.0,1.0,,,,,is_hierarchical_fdr_not_passed
intraday_amihud_sector_relative_20d,False,True,new_only,,,,,,-1,20,-0.09803438080059558,-3.3372284032801414,0.028059805499751185,-0.013957204739196356,-0.4657021824211258,-1.0711574466438871,22,passed_is_and_oos_direction
intraday_amihud_trend_20d,True,False,legacy_only,validated_candidate,1,5,0.056,3.14,,,0.0,0.0,1.0,,,,,is_hierarchical_fdr_not_passed
intraday_amihud_vol_corr_20d,False,True,new_only,,,,,,1,20,0.17395578962860214,4.549362533301656,0.0014917011340239627,0.06481005524102033,0.7392170556473255,1.1163605299019388,22,passed_is_and_oos_direction
intraday_amihud_vol_partial_20d,False,True,new_only,,,,,,-1,20,-0.17072375422199332,-3.2008995885579266,0.036130882264849985,-0.10235332483522201,-1.9278971877579245,-2.254101808439154,22,passed_is_and_oos_direction
intraday_amihud_vol_ratio_20d,True,False,legacy_only,validated_candidate,1,20,0.096,4.12,,,0.0,0.0,1.0,,,,,is_hierarchical_fdr_not_passed
intraday_autocorr_ret_20d,False,True,new_only,,,,,,1,10,0.19506672610956843,3.2286447315513924,0.027817540596632127,0.019505219546297588,0.39257267428683584,0.39274785708047016,32,passed_is_and_oos_direction
intraday_basis_momentum_20d,True,True,both,validated_candidate,1,20,0.136,4.18,1,20,0.13495311887730027,2.9751930291590987,0.05777800284736038,0.15815947184296889,5.774694738618073,7.964609352903241,22,passed_is_and_oos_direction
intraday_big_trade_timing_20d,False,True,new_only,,,,,,-1,20,-0.25267288057418374,-3.7591698567551752,0.011413214784552933,-0.30781795370731807,-8.264561698308349,-7.137208907107056,22,passed_is_and_oos_direction
intraday_buy_aggression_20d,False,True,new_only,,,,,,1,10,0.1907714937899717,2.78398772115916,0.05875074222663043,0.06761670511322995,1.0745156978561208,1.0435690665280721,32,passed_is_and_oos_direction
intraday_buy_sustain_20d,False,True,new_only,,,,,,1,10,0.2168660976803366,2.9905326947252218,0.04258671556781261,0.04372093060436176,0.7410357051507384,0.9719106298691682,32,passed_is_and_oos_direction
intraday_close_drift_20d,False,True,new_only,,,,,,1,20,0.1547930319742551,4.510042499307551,0.0016459702312583075,0.17066802778328552,3.4440133786720954,2.6947526692487234,22,passed_is_and_oos_direction
intraday_cross_vol_20d,True,False,legacy_only,validated_candidate,1,20,0.155,4.13,,,0.0,0.0,1.0,,,,,is_hierarchical_fdr_not_passed
intraday_csad_sigma120_20d,True,False,legacy_only,new_candidate,1,20,0.11,3.03,,,0.0,0.0,1.0,,,,,is_hierarchical_fdr_not_passed
intraday_depth_trend_20d,True,False,legacy_only,validated_candidate,1,20,0.106,3.57,,,0.0,0.0,1.0,,,,,is_hierarchical_fdr_not_passed
intraday_df_test_20d,False,True,new_only,,,,,,-1,10,-0.0923333617807772,-2.648743179581591,0.0921518646882299,-0.102318522050458,-3.722903392956009,-4.260067534613452,32,passed_is_and_oos_direction
intraday_diff_autocorr_long_20d,True,True,both,new_candidate,1,20,0.18,4.81,1,10,0.17695165324658776,3.0438165012715457,0.03173511065656843,0.04418969125700648,0.8253539008791384,0.796185269392285,32,passed_is_and_oos_direction
intraday_direction_persistence_20d,False,True,new_only,,,,,,1,10,0.1765692619766889,2.97883267750559,0.039564586295671264,0.03051305011258679,0.632344361140164,0.7781353773168053,32,passed_is_and_oos_direction
intraday_drip_stone_20d,True,True,both,production_baseline,-1,,,,-1,10,-0.20377695368310778,-3.217257989920325,0.0262767830719604,-0.0741261026469115,-1.4443691781381744,-1.4001113722784826,32,passed_is_and_oos_direction
intraday_dtws_20d,True,False,legacy_only,production_baseline,1,,,,,,0.0,0.0,1.0,,,,,is_hierarchical_fdr_not_passed
intraday_extreme_freq_balance_20d,True,True,both,validated_candidate,-1,10,-0.045,2.51,-1,10,-0.11071861264926071,-3.1735328246218986,0.02741817005985325,-0.03255990983044939,-0.25041822786038526,-0.162966635408367,32,passed_is_and_oos_direction
intraday_false_breakout_retrace_20d,True,False,legacy_only,validated_candidate,1,20,0.183,3.8,,10,0.10831675762252092,2.783823782860125,0.053329650939660696,-0.0050827043870417445,-0.10325160508062091,0.034875198926102836,32,oos_direction_reversed_or_zero
intraday_flow_ret_resid_vol_20d,True,False,legacy_only,new_candidate,1,10,0.09,2.64,,,0.0,0.0,1.0,,,,,is_hierarchical_fdr_not_passed
intraday_following_price_confirm_20d,True,True,both,new_candidate,1,5,0.06,2.71,1,10,0.14273170898116797,3.860500328467871,0.007342872053436702,0.01104898068925185,0.26722286540253415,0.4885081299633409,32,passed_is_and_oos_direction
intraday_following_volume_ratio_20d,False,True,new_only,,,,,,1,10,0.16347782056662208,2.686862503491178,0.06302146471668617,0.10798184824950666,1.4702097994187793,1.5916097427797695,32,passed_is_and_oos_direction
intraday_hammer_freq_20d,False,True,new_only,,,,,,1,5,0.1042823299888189,3.012482221035674,0.05315977966074815,0.013239314961679165,0.33918584928560547,-0.08045542825762038,37,passed_is_and_oos_direction
intraday_herding_20d,True,True,both,validated_candidate,1,20,0.159,2.69,1,20,0.2538381881519484,3.473058864188523,0.021822908125913646,0.18321827438326935,3.8987286550145464,5.00025012749313,22,passed_is_and_oos_direction
intraday_jump_amount_lagcorr_20d,True,True,both,new_candidate,1,20,0.14,3.32,1,10,0.15498680594426795,2.9529311005042898,0.0337976256868294,0.1543777020251232,1.9264451603204393,1.9051797825283303,32,passed_is_and_oos_direction
intraday_jump_intensity_20d,True,False,legacy_only,production_baseline,-1,,,,,,0.0,0.0,1.0,,,,,is_hierarchical_fdr_not_passed
intraday_jump_ret_follow_ratio_20d,True,False,legacy_only,new_candidate,1,10,0.13,4.14,,,0.0,0.0,1.0,,,,,is_hierarchical_fdr_not_passed
intraday_large_order_impact_20d,False,True,new_only,,,,,,-1,20,-0.15966804262389986,-3.480343321969896,0.021688830335210817,-0.3317983265639257,-13.090091181500243,-12.869358444500108,22,passed_is_and_oos_direction
intraday_lead_amount_surge_20d,True,False,legacy_only,new_candidate,-1,20,-0.19,-7.11,,20,-0.10732579690943052,-5.49293886642955,0.00010393810833997151,0.11875036273907112,2.907123170468546,3.095861252199675,22,oos_direction_reversed_or_zero
intraday_level_clustering_20d,False,True,new_only,,,,,,-1,5,-0.05524625944162199,-2.8587791693889617,0.06943671142537117,-0.010127227760683529,-0.25186178848483526,-0.15829570251936467,37,passed_is_and_oos_direction
intraday_liq_resilience_20d,False,True,new_only,,,,,,1,10,0.10175612479822577,2.6712234204446657,0.08959199434738858,0.06172994224657951,1.589797784161107,1.6976015658223513,32,passed_is_and_oos_direction
intraday_lowest_time_20d,True,False,legacy_only,validated_candidate,1,20,0.119,2.79,,20,0.08543281902604782,2.763731690717793,0.08959199434738858,-0.3666887362382836,-8.746096447614478,-6.904309473791281,22,oos_direction_reversed_or_zero
intraday_ma_count_bullish_20d,True,False,legacy_only,validated_candidate,1,20,0.099,3.03,,10,0.1256653349938286,3.1515819843054564,0.02505314992187157,-0.14188784010452474,-2.075023655817616,-2.04396760838075,32,oos_direction_reversed_or_zero
intraday_morning_star_freq_20d,False,True,new_only,,,,,,1,10,0.17797824909837726,2.5970789638199236,0.09360079672571398,0.14133159178214588,2.499102745129401,2.5875990784095166,32,passed_is_and_oos_direction
intraday_neg_ret_illiq_20d,True,False,legacy_only,new_candidate,-1,20,-0.15,-3.85,,,0.0,0.0,1.0,,,,,is_hierarchical_fdr_not_passed
intraday_oi_dispersion_20d,False,True,new_only,,,,,,-1,20,-0.17676422817534862,-2.7087865754586646,0.08959199434738858,-0.11160763593860419,-1.3173143859980183,-0.9552380405862353,22,passed_is_and_oos_direction
intraday_oi_log_change_vol_20d,True,False,legacy_only,validated_candidate,-1,20,-0.107,3.51,,,0.0,0.0,1.0,,,,,is_hierarchical_fdr_not_passed
intraday_oi_peak_ridge_ratio_20d,True,False,legacy_only,validated_candidate,-1,5,-0.068,2.75,,,0.0,0.0,1.0,,,,,is_hierarchical_fdr_not_passed
intraday_oi_quantile_range_20d,True,True,both,validated_candidate,-1,20,-0.122,3.3,-1,20,-0.17858624034867457,-2.671652172302117,0.09047254231075351,-0.10299482121742048,-1.2426450608572026,-0.8489221951151105,22,passed_is_and_oos_direction
intraday_oi_skew_stability_20d,True,False,legacy_only,validated_candidate,-1,20,-0.148,3.66,,,0.0,0.0,1.0,,,,,is_hierarchical_fdr_not_passed
intraday_oi_time_centroid_20d,True,False,legacy_only,validated_candidate,-1,20,-0.22,5.85,,,0.0,0.0,1.0,,,,,is_hierarchical_fdr_not_passed
intraday_oi_vol_corr_daily_20d,True,False,legacy_only,validated_candidate,1,20,0.159,6.3,,,0.0,0.0,1.0,,,,,is_hierarchical_fdr_not_passed
intraday_oi_vol_price_corr_20d,True,False,legacy_only,validated_candidate,-1,20,-0.126,2.72,,,0.0,0.0,1.0,,,,,is_hierarchical_fdr_not_passed
intraday_open_close_drift_20d,True,False,legacy_only,validated_candidate,1,20,0.194,6.8,,,0.0,0.0,1.0,,,,,is_hierarchical_fdr_not_passed
intraday_open_close_volume_ratio_20d,True,False,legacy_only,validated_candidate,-1,20,-0.088,3.39,,,0.0,0.0,1.0,,,,,is_hierarchical_fdr_not_passed
intraday_open_state_trend_20d,False,True,new_only,,,,,,-1,5,-0.07509926068935521,-2.5968767192618127,0.07657861352896449,-0.07042115540466884,-2.301576837049437,-2.528480875692267,37,passed_is_and_oos_direction
intraday_or_retention_20d,False,True,new_only,,,,,,1,20,0.14260488634514518,3.5356631443379616,0.020019846168701626,0.1433967948918908,5.969425385635096,5.705442794883781,22,passed_is_and_oos_direction
intraday_order_flow_asymmetry_20d,False,True,new_only,,,,,,1,10,0.1907714937899717,2.78398772115916,0.05875074222663043,0.06761670511322994,1.07451569785612,1.043569066528071,32,passed_is_and_oos_direction
intraday_order_flow_autocorr_20d,True,True,both,new_candidate,1,20,0.2,4.64,1,10,0.17556177503438844,2.9703909992839153,0.0377063555033924,0.02855068945348611,0.587954950372511,0.7174033219356937,32,passed_is_and_oos_direction
intraday_order_flow_memory_20d,True,True,both,new_candidate,1,20,0.17,4.33,1,5,0.13679369403310843,3.2657640481405363,0.022335824611538886,0.01884381692536035,0.3527242289594338,0.11318269272877922,37,passed_is_and_oos_direction
intraday_overnight_absorption_20d,True,False,legacy_only,validated_candidate,1,20,0.121,2.87,,,0.0,0.0,1.0,,,,,is_hierarchical_fdr_not_passed
intraday_overnight_gap_reaction_20d,True,False,legacy_only,validated_candidate,1,20,0.217,3.81,,,0.0,0.0,1.0,,,,,is_hierarchical_fdr_not_passed
intraday_path_second_diff_20d,False,True,new_only,,,,,,1,10,0.16338480012992737,3.0040757450673197,0.03388412363953959,0.06731705612102966,1.6668087790796255,1.7355967076997985,32,passed_is_and_oos_direction
intraday_peak_moment_count_20d,True,False,legacy_only,new_candidate,-1,20,-0.2,-4.44,,,0.0,0.0,1.0,,,,,is_hierarchical_fdr_not_passed
intraday_peak_ridge_coherence_20d,True,True,both,new_candidate,-1,20,-0.15,-3.69,-1,10,-0.17150269240099822,-2.598941885373469,0.09292745008341521,-0.07588227776383241,-1.2724706738280307,-1.2519304284893347,32,passed_is_and_oos_direction
intraday_peak_ridge_ratio_20d,True,True,both,production_baseline,-1,,,,-1,10,-0.152433008101424,-2.953745807886853,0.04206936249867225,-0.11089593831586456,-1.3156223848929072,-1.267108484062059,32,passed_is_and_oos_direction
intraday_permutation_entropy_20d,False,True,new_only,,,,,,-1,20,-0.2085679417576322,-3.096386112632399,0.0443852712281595,-0.43384376050805246,-6.231457907021227,-5.134228652786884,22,passed_is_and_oos_direction
intraday_price_delay_20d,True,True,both,validated_candidate,-1,20,-0.1,2.96,-1,20,-0.19518234107283836,-4.226577609383481,0.0034137437730138603,-0.10846998870008272,-1.6135019556107673,-1.6516281755457374,22,passed_is_and_oos_direction
intraday_price_diff_autocorr_20d,True,True,both,new_candidate,-1,20,-0.19,-5.02,-1,10,-0.19430237315205193,-3.2848885918688673,0.024761898024980446,-0.022124309249093876,-0.40985957454592786,-0.3820703631071191,32,passed_is_and_oos_direction
intraday_price_peak_count_20d,True,False,legacy_only,production_baseline,1,,,,,,0.0,0.0,1.0,,,,,is_hierarchical_fdr_not_passed
intraday_price_peak_interval_std_20d,True,True,both,new_candidate,1,5,0.07,2.73,-1,10,-0.22272104731880846,-3.27677858182297,0.028177774454829357,-0.06308089525205658,-1.077146296246659,-1.3293489714099562,32,passed_is_and_oos_direction
intraday_price_ridge_interval_skew_20d,False,True,new_only,,,,,,1,10,0.22476663727132823,3.006462357710444,0.05356183322070856,0.052590240900473546,0.8500500706195103,1.0957939976577895,32,passed_is_and_oos_direction
intraday_price_volume_divergence_20d,False,True,new_only,,,,,,1,10,0.17110488866891946,3.0318597761816113,0.0337976256868294,0.023878829420590185,0.3665592836279615,0.3325511923815453,32,passed_is_and_oos_direction
intraday_realised_skewness_20d,True,False,legacy_only,production_baseline,1,,,,,20,0.16219662385704367,2.7141136037172715,0.09360079672571398,-0.08056484741157513,-2.388344691520567,-2.459043651059799,22,oos_direction_reversed_or_zero
intraday_rel_turnover_20d,True,False,legacy_only,marginal_watch,-1,20,-0.047,2.23,,,0.0,0.0,1.0,,,,,is_hierarchical_fdr_not_passed
intraday_rel_volume_percentile_20d,True,False,legacy_only,marginal_watch,-1,20,-0.036,2.15,,,0.0,0.0,1.0,,,,,is_hierarchical_fdr_not_passed
intraday_resid_momentum_20d,False,True,new_only,,,,,,1,20,0.1352537737591094,2.9772354620645407,0.05777800284736038,0.06347237590824867,1.0236156290337355,1.0802619854404074,13,passed_is_and_oos_direction
intraday_ret_extreme_magnitude_20d,True,False,legacy_only,new_candidate,1,20,0.17,3.74,,20,0.14749919905442255,2.7915331098003624,0.08584489457750855,-0.2369003424037777,-4.941532427860508,-4.628049840604332,22,oos_direction_reversed_or_zero
intraday_reversal_intensity_20d,False,True,new_only,,,,,,-1,10,-0.21164964900033134,-2.528280761180185,0.09158557794608085,-0.041620584665739924,-0.5697395196677102,-0.6902618257589697,32,passed_is_and_oos_direction
intraday_roll_dualscore_consistency_20d,True,False,legacy_only,validated_candidate,-1,10,-0.056,2.39,,,0.0,0.0,1.0,,,,,is_hierarchical_fdr_not_passed
intraday_roll_spread_20d,False,True,new_only,,,,,,-1,20,-0.23994139501777828,-4.424888149274758,0.0020445382709525515,-0.11896784589882396,-1.6460373281479783,-1.9473194381809846,22,passed_is_and_oos_direction
intraday_roll_yield_dualscore_20d,True,False,legacy_only,validated_candidate,-1,10,-0.061,2.46,,,0.0,0.0,1.0,,,,,is_hierarchical_fdr_not_passed
intraday_rollover_basis_gap_20d,True,True,both,validated_candidate,1,20,0.126,5.26,1,20,0.2329557424135143,3.6727097314965103,0.01562992323188482,0.16052561061228363,3.2324266160615442,3.767485590055106,22,passed_is_and_oos_direction
intraday_rv_compression_breakout_20d,True,True,both,validated_candidate,-1,20,-0.054,2.9,-1,20,-0.086299627554854,-3.0422263240672867,0.05086846091524842,-0.010252490421584366,-0.19218113066259843,-0.5031436672657467,22,passed_is_and_oos_direction
intraday_seat_long_short_seat_ratio_20d,True,False,legacy_only,validated_candidate,1,10,0.066,2.7,,20,0.16755868265730783,5.007328432577826,0.00042740298223684835,-0.17651030284289304,-8.963259293399656,-8.340337531428206,22,oos_direction_reversed_or_zero
intraday_sector_sync_20d,False,True,new_only,,,,,,1,5,0.12596545275551696,2.589116933703033,0.08959199434738858,0.024480030046266962,0.37003110356080066,0.38919235625922055,37,passed_is_and_oos_direction
intraday_sector_vol_div_20d,True,True,both,marginal_watch,1,20,0.131,2.84,1,20,0.24789394084636962,4.725422662721152,0.0008342725431883619,0.09296702874898034,1.7096799219830574,2.2573826418101093,22,passed_is_and_oos_direction
intraday_session_consistency_20d,False,True,new_only,,,,,,1,20,0.10938200017564456,5.396155737534208,0.00012368136238666044,0.1437655955054093,3.5887255313139077,4.348001344823458,22,passed_is_and_oos_direction
intraday_session_symmetry_20d,True,True,both,validated_candidate,-1,10,-0.069,2.81,1,20,0.15765261111692133,2.990436773740611,0.056735522690043984,0.10923243919272023,5.91994372147413,4.55100195654119,22,passed_is_and_oos_direction
intraday_settle_close_basis_20d,True,False,legacy_only,validated_candidate,-1,20,-0.141,3.39,,,0.0,0.0,1.0,,,,,is_hierarchical_fdr_not_passed
intraday_settle_drift_20d,True,False,legacy_only,validated_candidate,1,20,0.138,3.33,,,0.0,0.0,1.0,,,,,is_hierarchical_fdr_not_passed
intraday_settle_gap_20d,True,False,legacy_only,validated_candidate,1,10,0.096,3.26,,,0.0,0.0,1.0,,,,,is_hierarchical_fdr_not_passed
intraday_settle_position_20d,True,False,legacy_only,validated_candidate,-1,20,-0.126,5.05,,,0.0,0.0,1.0,,,,,is_hierarchical_fdr_not_passed
intraday_settle_vol_ratio_20d,True,False,legacy_only,validated_candidate,1,20,0.079,2.57,,,0.0,0.0,1.0,,,,,is_hierarchical_fdr_not_passed
intraday_shooting_star_freq_20d,False,True,new_only,,,,,,1,5,0.09988437987877292,3.0554664848022135,0.048440058239435556,0.048622752453281584,1.5036878306024515,1.229337813026469,37,passed_is_and_oos_direction
intraday_smart_money_v4_vol_20d,True,False,legacy_only,new_candidate,1,20,0.14,3.65,,20,0.20246519658460924,4.059719357627527,0.00552790850953127,-0.21053261746347704,-2.3638501479249983,-2.1202795550102302,22,oos_direction_reversed_or_zero
intraday_spectral_slope_20d,False,True,new_only,,,,,,-1,20,-0.19827978981642239,-2.895788740793948,0.03388412363953959,-0.1379771618006812,-4.6706225989104215,-6.760014454309999,22,passed_is_and_oos_direction
intraday_temporal_consistency_20d,False,True,new_only,,,,,,1,5,0.07109472660109403,2.9209347025387533,0.049949112749755824,0.04655356674949598,1.6347764134982803,1.1979025013686593,37,passed_is_and_oos_direction
intraday_term_half_life_20d,False,True,new_only,,,,,,1,5,0.11342915069955575,3.270457704485087,0.03173511065656843,0.04712690320404345,0.9582933552131839,0.3820345637508532,37,passed_is_and_oos_direction
intraday_term_jump_intensity_20d,False,True,new_only,,,,,,-1,20,-0.23896193501990964,-3.3587784718878027,0.02741817005985325,-0.25118619068113934,-4.999644529868971,-4.351156852565503,22,passed_is_and_oos_direction
intraday_term_roll_yield_20d,True,True,both,validated_candidate,1,20,0.126,3.44,1,20,0.13253720439642092,2.9679677428268563,0.05838188464257638,0.10338101954497296,3.1915319204671353,2.860061579816325,22,passed_is_and_oos_direction
intraday_term_roll_yield_vol_20d,False,True,new_only,,,,,,1,20,0.23410058663383915,3.727560493607088,0.01192061407818082,0.3852285126788386,3.9221984557205394,3.761398167483195,22,passed_is_and_oos_direction
intraday_term_slope_20d,True,False,legacy_only,validated_candidate,1,20,0.106,3.62,,,0.0,0.0,1.0,,,,,is_hierarchical_fdr_not_passed
intraday_term_spread_vol_20d,True,False,legacy_only,validated_candidate,1,5,0.042,2.66,,,0.0,0.0,1.0,,,,,is_hierarchical_fdr_not_passed
intraday_term_vol_ratio_20d,True,False,legacy_only,validated_candidate,1,10,0.103,2.31,,,0.0,0.0,1.0,,,,,is_hierarchical_fdr_not_passed
intraday_term_vol_spread_20d,True,False,legacy_only,validated_candidate,-1,5,-0.048,3.1,,20,-0.15368708756189725,-3.456252625951071,0.022335824611538886,0.020053766187427696,0.7731148490626861,0.48670824711397104,22,oos_direction_reversed_or_zero
intraday_tick_activity_20d,False,True,new_only,,,,,,1,10,0.17196549909435882,2.5525363481307273,0.09292745008341521,0.1336711323024474,2.277425169584455,2.29556605787035,32,passed_is_and_oos_direction
intraday_torrent_down_20d,True,False,legacy_only,new_candidate,-1,20,-0.06,-3.35,,,0.0,0.0,1.0,,,,,is_hierarchical_fdr_not_passed
intraday_trajectory_illiq_20d,True,False,legacy_only,new_candidate,-1,20,-0.14,-2.78,,,0.0,0.0,1.0,,,,,is_hierarchical_fdr_not_passed
intraday_trend_occupancy_20d,False,True,new_only,,,,,,1,10,0.10319632323089543,3.219148990600184,0.02462688632509897,0.07668620304765358,1.6515198866127079,1.68611388945289,32,passed_is_and_oos_direction
intraday_trend_resid_kurt_20d,False,True,new_only,,,,,,1,20,0.11527876039389667,2.8981005783575453,0.06832944668315481,0.04432700973702777,0.6504833877011637,0.49500165314926015,22,passed_is_and_oos_direction
intraday_turnover_velocity_20d,True,False,legacy_only,validated_candidate,1,20,0.163,2.28,,,0.0,0.0,1.0,,,,,is_hierarchical_fdr_not_passed
intraday_variance_ratio_30m_20d,False,True,new_only,,,,,,1,5,0.1384909210684396,3.0952408144763996,0.0337976256868294,0.0048099454852184274,0.08486176561241736,0.06779501179032005,37,passed_is_and_oos_direction
intraday_variance_ratio_5m_20d,False,True,new_only,,,,,,1,10,0.18002374793870848,3.0373407135062105,0.0337976256868294,0.03234838097421695,0.5545910014805345,0.4998657758961265,32,passed_is_and_oos_direction
intraday_vol_bucket_entropy_20d,True,False,legacy_only,new_candidate,1,10,0.06,2.88,,,0.0,0.0,1.0,,,,,is_hierarchical_fdr_not_passed
intraday_vol_flow_vol_20d,True,False,legacy_only,new_candidate,1,20,0.1,2.74,,,0.0,0.0,1.0,,,,,is_hierarchical_fdr_not_passed
intraday_vol_persistence_20d,False,True,new_only,,,,,,1,20,0.25653798181436355,3.998020991402699,0.006531775048561918,0.0863236089419373,4.8341094156710485,4.449108133169707,22,passed_is_and_oos_direction
intraday_vol_ratio_5_30_20d,False,True,new_only,,,,,,-1,20,-0.28857424578639096,-3.780647230697865,0.011096955647047786,-0.0027232173421036974,-0.11539443234799342,-0.07379335295124988,22,passed_is_and_oos_direction
intraday_vol_regime_duration_ratio_20d,False,True,new_only,,,,,,-1,20,-0.17927679344280054,-3.509882086127411,0.021043409688974953,-0.07179152139613763,-1.0812923468302984,-1.6146852444635102,22,passed_is_and_oos_direction
intraday_vol_ret_cov_20d,True,False,legacy_only,marginal_watch,-1,20,-0.073,2.13,,,0.0,0.0,1.0,,,,,is_hierarchical_fdr_not_passed
intraday_vol_volume_regime_20d,False,True,new_only,,,,,,-1,10,-0.1649667931686907,-2.5748992616876887,0.07239285134174414,-0.033845760704289476,-0.712296181069434,-0.642986227145423,32,passed_is_and_oos_direction
intraday_vol_volume_sync_20d,False,True,new_only,,,,,,1,10,0.17906914474192884,2.6539875018536065,0.07452368958823358,0.08322935393687995,1.4859246144980334,1.5797897197847683,32,passed_is_and_oos_direction
intraday_volatility_clustering_20d,True,True,both,validated_candidate,-1,20,-0.193,6.54,1,20,0.25181109149999115,3.9598733022818133,0.007035999847319763,0.0856121054144148,4.67851964638309,4.4679591993685905,22,passed_is_and_oos_direction
intraday_volume_oi_price_confirm_20d,True,False,legacy_only,validated_candidate,1,20,0.145,4.06,,20,0.19181546924840828,4.986252979640013,0.00042740298223684835,-0.11881246821963351,-1.9362208663247586,-2.1931647420988134,22,oos_direction_reversed_or_zero
intraday_volume_rank_ratio_20d,True,False,legacy_only,validated_candidate,1,20,0.064,2.7,,,0.0,0.0,1.0,,,,,is_hierarchical_fdr_not_passed
intraday_volume_time_shape_20d,True,False,legacy_only,validated_candidate,1,20,0.079,2.67,,20,0.21700966116551304,2.8618438692267425,0.07349175807322576,-0.08841523226303726,-4.764505391884076,-4.642649767331457,22,oos_direction_reversed_or_zero
intraday_vp_corr_high_freq_20d,True,True,both,new_candidate,1,20,0.16,4.56,1,10,0.2221984348657472,2.9739410052464934,0.04218451522119183,0.020594775288241773,0.37678960435921544,0.19650751600161853,32,passed_is_and_oos_direction
intraday_vpin_20d,False,True,new_only,,,,,,1,5,0.11369454496231086,3.034894127032584,0.036217853504451905,0.05990110795433306,1.1075020661561097,0.7929027990324016,37,passed_is_and_oos_direction
intraday_wash_trade_20d,True,False,legacy_only,validated_candidate,1,20,0.213,5.54,,,-0.2114736039052675,-3.2039104210823246,0.08959199434738858,,,,,is_post_discovery_gate_not_passed
intraday_zero_ret_freq_20d,True,True,both,validated_candidate,-1,20,-0.317,11.95,-1,10,-0.17196549909435854,-2.552536348130724,0.09292745008341521,-0.13367113230244737,-2.2774251695844563,-2.2955660578703507,32,passed_is_and_oos_direction
intraday_zero_volume_run_20d,False,True,new_only,,,,,,-1,10,-0.23460572965910043,-3.3884960097900443,0.021688830335210817,-0.004497340864254026,-0.11075895734851535,-0.4382266187404301,32,passed_is_and_oos_direction
jump_persistence_20d,False,True,new_only,,,,,,1,10,0.15828295980090398,2.965595808834279,0.036217853504451905,0.041851934035629756,0.90490477499423,1.0397641538232032,32,passed_is_and_oos_direction
kyle_lambda_stability_20d,False,True,new_only,,,,,,-1,20,-0.10334806792447437,-3.6642298966947338,0.014543883081674374,-0.03670221035556632,-2.077549513750877,-1.6488064280274186,22,passed_is_and_oos_direction
roll_spread_vol_scaled_20d,False,True,new_only,,,,,,-1,10,-0.13888938841760548,-2.5122582127511563,0.09360079672571398,-0.10367051806980243,-3.5324794917601716,-3.3185605155779676,32,passed_is_and_oos_direction
vol_clustering_20d,False,True,new_only,,,,,,1,20,0.2518110914999911,3.9598733022818124,0.007035999847319763,0.08561210541441491,4.678519646383097,4.467959199368598,22,passed_is_and_oos_direction
